date,forecast,lower_95,upper_95
2013-01-01,2205.882,0.000,3746.792
2013-01-02,2427.343,175.858,3968.253
2013-01-03,2449.696,198.211,3990.606
2013-01-04,2441.378,189.893,3982.288
2013-01-05,2260.441,8.957,3801.351
2013-01-06,1780.610,0.000,3321.520
2013-01-07,2008.992,0.000,3549.902
2013-01-08,2208.002,0.000,3748.912
2013-01-09,2429.450,177.966,3970.360
2013-01-10,2451.791,200.306,3992.701
2013-01-11,2443.461,191.976,3984.371
2013-01-12,2262.513,11.028,3803.423
2013-01-13,1782.669,0.000,3323.579
2013-01-14,2011.040,0.000,3551.950
2013-01-15,2210.038,0.000,3750.948
2013-01-16,2431.474,179.989,3972.384
2013-01-17,2453.803,202.318,3994.713
2013-01-18,2445.461,193.976,3986.371
2013-01-19,2264.501,13.016,3805.411
2013-01-20,1784.646,0.000,3325.556
2013-01-21,2013.005,0.000,3553.915
2013-01-22,2211.992,0.000,3752.902
2013-01-23,2433.417,181.932,3974.327
2013-01-24,2455.735,204.250,3996.645
2013-01-25,2447.382,195.897,3988.292
2013-01-26,2266.411,14.926,3807.321
2013-01-27,1786.545,0.000,3327.455
2013-01-28,2014.893,0.000,3555.803
2013-01-29,2213.868,0.000,3754.778
2013-01-30,2435.283,183.798,3976.193
